<?xml version="1.0"?>
<email_templates scheme="1.0">
    <templates>
        <item>
            <code><![CDATA[apply_for_vendor_notification]]></code>
            <area><![CDATA[A]]></area>
            <status><![CDATA[A]]></status>
            <subject/>
            <default_subject><![CDATA[{{ __("vendor_approval_pending") }}]]></default_subject>
            <template/>
            <default_template><![CDATA[{{ snippet("header") }}

{{ __("vendor_candidate_notification", {"[href]": company_update_url}) }}

<br/><br/>

<table>
    <tr>
        <td class="form-field-caption" nowrap>{{ __("company_name") }}:&nbsp;</td>
        <td>{{ company.company }}</td>
    </tr>

    {% if company.company_description %}
    <tr>
        <td class="form-field-caption" nowrap>{{ __("description") }}:&nbsp;</td>
        <td>{{ company.company_description }}</td>
    </tr>
    {% endif %}

    {% if company.request_account_name %}
    <tr>
        <td class="form-field-caption" nowrap>{{ __("account_name") }}:&nbsp;</td>
        <td>{{ company.request_account_name }}</td>
    </tr>
    {% endif %}

    {% if company.admin_firstname %}
    <tr>
        <td class="form-field-caption" nowrap>{{ __("first_name") }}:&nbsp;</td>
        <td>{{ company.admin_firstname }}</td>
    </tr>
    {% endif %}

    {% if company.admin_lastname %}
    <tr>
        <td class="form-field-caption" nowrap>{{ __("last_name") }}:&nbsp;</td>
        <td>{{ company.admin_lastname }}</td>
    </tr>
    {% endif %}

    <tr>
        <td class="form-field-caption" nowrap>{{ __("email") }}:&nbsp;</td>
        <td>{{ company.email }}</td>
    </tr>
    <tr>
        <td class="form-field-caption" nowrap>{{ __("phone") }}:&nbsp;</td>
        <td>{{ company.phone }}</td>
    </tr>
    <tr>

    {% if company.url %}
        <td class="form-field-caption" nowrap>{{ __("url") }}:&nbsp;</td>
        <td >{{ company.url }}</td>
    </tr>
    {% endif %}

    {% if company.fax %}
    <tr>
        <td class="form-field-caption" nowrap>{{ __("fax") }}:&nbsp;</td>
        <td >{{ company.fax }}</td>
    </tr>
    {% endif %}

    <tr>
        <td class="form-field-caption" nowrap>{{ __("address") }}:&nbsp;</td>
        <td>{{ company.address }}</td>
    </tr>
    <tr>
        <td class="form-field-caption" nowrap>{{ __("city") }}:&nbsp;</td>
        <td>{{ company.city }}</td>
    </tr>
    <tr>
        <td class="form-field-caption" nowrap>{{ __("country") }}:&nbsp;</td>
        <td>{{ company.country }}</td>
    </tr>
    <tr>
        <td class="form-field-caption" nowrap>{{ __("state") }}:&nbsp;</td>
        <td>{{ company.state }}</td>
    </tr>
    <tr>
        <td class="form-field-caption" nowrap>{{ __("zip_postal_code") }}:&nbsp;</td>
        <td >{{ company.zipcode }}</td>
    </tr>
</table>

{{ snippet("footer") }}
]]></default_template>
            <params_schema/>
            <params/>
        </item>
        <item>
            <code><![CDATA[accounting_new_withdrawal]]></code>
            <area><![CDATA[A]]></area>
            <status><![CDATA[A]]></status>
            <subject/>
            <default_subject><![CDATA[{{ payment.vendor }}: {{ __("vendor_payouts.new_withdrawal_requested") }}]]></default_subject>
            <template/>
            <default_template><![CDATA[{{ snippet("header") }}
{{ __("hello") }},
<br />
<br />
{{ __("vendor_payouts.new_withdrawal_requested_text", {"[amount]": payment.amount, "[requester]": payment.initiator}) }}.
{{ __("vendor_payouts.view_details") }}: <a href="{{ accounting_url }}">{{ accounting_url }}</a>
{% if payment.comments %}
    <br />
    <br />
    {{ __("vendor_payouts.withdrawal_comments") }}:
    <br />
    {{ payment.comments }}
{% endif %}
{{ snippet("footer") }}]]></default_template>
            <params/>
        </item>
        <item>
            <code><![CDATA[accounting_new_payout]]></code>
            <area><![CDATA[A]]></area>
            <status><![CDATA[A]]></status>
            <subject/>
            <default_subject><![CDATA[{{ payment.vendor }}: {{ __("vendor_payouts.new_payout_issued") }}]]></default_subject>
            <template/>
            <default_template><![CDATA[{{ snippet("header") }}
{{ __("hello") }},
<br />
<br />
{{ __("vendor_payouts.new_payout_issued_text", {"[amount]": payment.amount, "[issuer]": payment.initiator}) }}.
{{ __("vendor_payouts.view_details") }}: <a href="{{ accounting_url }}">{{ accounting_url }}</a>
{% if payment.comments %}
    <br />
    <br />
    {{ __("vendor_payouts.payout_comments") }}:
    <br />
    {{ payment.comments }}
{% endif %}
{{ snippet("footer") }}]]></default_template>
            <params_schema/>
            <params/>
        </item>
        <item>
            <code><![CDATA[accounting_payout_approved]]></code>
            <area><![CDATA[A]]></area>
            <status><![CDATA[A]]></status>
            <subject/>
            <default_subject><![CDATA[{{ payment.vendor }}: {{ __("vendor_payouts.payout_approved") }}]]></default_subject>
            <template/>
            <default_template><![CDATA[{{ snippet("header") }}
{{ __("vendor_payouts.payout_approved_text", {"[amount]": payment.amount, "[date]": payment.date}) }}.
{{ snippet("footer") }}]]></default_template>
            <params_schema/>
            <params/>
        </item>
        <item>
            <code><![CDATA[accounting_payout_declined]]></code>
            <area><![CDATA[A]]></area>
            <status><![CDATA[A]]></status>
            <subject/>
            <default_subject><![CDATA[{{ payment.vendor }}: {{ __("vendor_payouts.payout_declined") }}]]></default_subject>
            <template/>
            <default_template><![CDATA[{{ snippet("header") }}
{{ __("vendor_payouts.payout_declined_text", {"[amount]": payment.amount, "[date]": payment.date}) }}.
{{ snippet("footer") }}]]></default_template>
            <params_schema/>
            <params/>
        </item>
        <item>
            <code><![CDATA[accounting_withdrawal_approved]]></code>
            <area><![CDATA[A]]></area>
            <status><![CDATA[A]]></status>
            <subject/>
            <default_subject><![CDATA[{{ payment.vendor }}: {{ __("vendor_payouts.withdrawal_approved") }}]]></default_subject>
            <template/>
            <default_template><![CDATA[{{ snippet("header") }}
{{ __("vendor_payouts.withdrawal_approved_text", {"[amount]": payment.amount, "[date]": payment.date}) }}.
{{ snippet("footer") }}]]></default_template>
            <params_schema/>
            <params/>
        </item>
        <item>
            <code><![CDATA[accounting_withdrawal_declined]]></code>
            <area><![CDATA[A]]></area>
            <status><![CDATA[A]]></status>
            <subject/>
            <default_subject><![CDATA[{{ payment.vendor }}: {{ __("vendor_payouts.withdrawal_declined") }}]]></default_subject>
            <template/>
            <default_template><![CDATA[{{ snippet("header") }}
{{ __("vendor_payouts.withdrawal_declined_text", {"[amount]": payment.amount, "[date]": payment.date}) }}.
{{ snippet("footer") }}]]></default_template>
            <params_schema/>
            <params/>
        </item>
        <item>
            <code><![CDATA[company_status_notification]]></code>
            <area><![CDATA[A]]></area>
            <status><![CDATA[A]]></status>
            <subject/>
            <default_subject><![CDATA[{% if (status_from == "A" and status_to == "D") or (status_from == "P" and status_to == "D") or (status_from == "D" and status_to == "P") %}    {{ __("text_company_status_disabled_subj") }}{% elseif status_from == "A" and status_to == "P" %}    {{ __("text_company_status_pending_subj") }}{% elseif status_from == "N" and status_to == "A" %}    {{ __("text_company_status_new_to_active_subj") }}{% elseif status_from == "N" and status_to == "D" %}    {{ __("text_company_status_new_to_disable_subj") }}{% elseif status_from == "N" and status_to == "P" %}    {{ __("text_company_status_new_to_active_subj") }}{% elseif (status_from == "P" and status_to == "A") or (status_from == "D" and status_to == "A") %}    {{ __("text_company_status_active_subj") }}{% endif %}]]></default_subject>
            <template/>
            <default_template><![CDATA[{{ snippet("header") }}

  {{ __("hello") }},<br /><br />

{% if (status_from == "A" and status_to == "D") or (status_from == "D" and status_to == "A") or (status_from == "P" and status_to == "D") or (status_from == "D" and status_to == "P") %}
    {{ __("text_company_status_changed", {"[company]": company.company_name, "[status]": status}) }}
{% elseif status_from == "A" and status_to == "P" %}
    {{ __("text_company_status_active_to_pending", {"[company]": company.company_name}) }}
{% elseif status_from == "N" and status_to == "A" %}
    {{ __("text_company_status_new_to_active", {"[company]": company.company_name}) }}
{% elseif status_from == "N" and status_to == "D" %}
    {{ __("text_company_status_new_to_disable", {"[company]": company.company_name}) }}
{% elseif status_from == "N" and status_to == "P" %}
    {{ __("text_company_status_new_to_pending", {"[company]": company.company_name}) }}
{% elseif status_from == "P" and status_to == "A" %}
    {{ __("text_company_status_pending_to_active", {"[company]": company.company_name}) }}
{% endif %}

<br /><br />

{% if reason %}
{{ __("reason") }}: {{ reason }}
<br /><br />
{% endif %}

{% if e_account == 'updated' %}
    {{ __("text_company_status_new_to_active_administrator_updated", {"[link]": vendor_url, "[link_text]": vendor_url|puny_decode, "[login]": e_username}) }}
{% elseif e_account == 'new' %}
    {{ __("text_company_status_new_to_active_administrator_created", {"[link]": vendor_url, "[link_text]": vendor_url|puny_decode, "[login]": e_username, "[password]": e_password}) }}
{% endif %}

{{ snippet("footer") }}]]></default_template>
            <params_schema/>
            <params/>
        </item>
    </templates>
</email_templates>